[
  {
    "value": "tamato",
    "synonyms": [
      "tamato"
    ]
  },
  {
    "value": "shirish",
    "synonyms": [
      "shirish"
    ]
  },
  {
    "value": "patato",
    "synonyms": [
      "patato"
    ]
  },
  {
    "value": "cauliflower",
    "synonyms": [
      "cauliflower"
    ]
  },
  {
    "value": "spinach",
    "synonyms": [
      "spinach"
    ]
  },
  {
    "value": "potato",
    "synonyms": [
      "potato"
    ]
  },
  {
    "value": "corn",
    "synonyms": [
      "corn"
    ]
  },
  {
    "value": "aubergines",
    "synonyms": [
      "aubergines"
    ]
  },
  {
    "value": "beans",
    "synonyms": [
      "beans"
    ]
  },
  {
    "value": "tomato",
    "synonyms": [
      "tomato"
    ]
  },
  {
    "value": "Ankit",
    "synonyms": [
      "Ankit"
    ]
  },
  {
    "value": "beetroot",
    "synonyms": [
      "beetroot"
    ]
  }
]