[
  {
    "id": "cb025c38-d7c8-439f-ab0c-dfbce641e79b",
    "data": [
      {
        "text": "surely",
        "meta": "@definitely",
        "alias": "definitely",
        "userDefined": true
      },
      {
        "text": " .. what information do you need ?",
        "userDefined": false
      }
    ],
    "isTemplate": false,
    "count": 0,
    "lang": "en",
    "updated": 0
  },
  {
    "id": "0239d2cc-1e23-4ec9-8324-2a9759fc1471",
    "data": [
      {
        "text": "ph_value is ",
        "userDefined": false
      },
      {
        "text": "6.5",
        "meta": "@sys.number",
        "alias": "ph_value11",
        "userDefined": true
      },
      {
        "text": " and growing time is ",
        "userDefined": false
      },
      {
        "text": "120",
        "meta": "@sys.number",
        "alias": "grow_time11",
        "userDefined": true
      },
      {
        "text": " and family name is ",
        "userDefined": false
      },
      {
        "text": "aubergines",
        "meta": "@sys.given-name",
        "alias": "DBName",
        "userDefined": true
      }
    ],
    "isTemplate": false,
    "count": 0,
    "lang": "en",
    "updated": 0
  },
  {
    "id": "5d06a943-b5d2-46af-bda9-6c5f8cfeac5c",
    "data": [
      {
        "text": "ph_value is ",
        "userDefined": false
      },
      {
        "text": "6.5",
        "meta": "@sys.number",
        "alias": "ph_value11",
        "userDefined": true
      },
      {
        "text": " and growing time is ",
        "userDefined": false
      },
      {
        "text": "120",
        "meta": "@sys.number",
        "alias": "grow_time11",
        "userDefined": true
      },
      {
        "text": " and growing season is ",
        "userDefined": false
      },
      {
        "text": "April to June",
        "meta": "@sys.any",
        "alias": "growing_season11",
        "userDefined": true
      },
      {
        "text": "    and family name of plant is ",
        "userDefined": false
      },
      {
        "text": "aubergines",
        "meta": "@sys.given-name",
        "alias": "DBName",
        "userDefined": true
      }
    ],
    "isTemplate": false,
    "count": 0,
    "lang": "en",
    "updated": 0
  },
  {
    "id": "70b9c06c-85a0-42e0-afbb-3f35c1fc9fa5",
    "data": [
      {
        "text": "I will ",
        "userDefined": false
      },
      {
        "text": "definitely",
        "meta": "@definitely",
        "alias": "definitely",
        "userDefined": true
      },
      {
        "text": " help . What information do you need ?",
        "userDefined": false
      }
    ],
    "isTemplate": false,
    "count": 0,
    "lang": "en",
    "updated": 0
  },
  {
    "id": "7eec8a57-543f-459f-b636-372e8fc6745d",
    "data": [
      {
        "text": "ph_value is ",
        "userDefined": false
      },
      {
        "text": "6.5",
        "meta": "@sys.number",
        "alias": "ph_value11",
        "userDefined": true
      }
    ],
    "isTemplate": false,
    "count": 0,
    "lang": "en",
    "updated": 0
  },
  {
    "id": "a6ca5916-2b22-4749-b60a-58432c1ae732",
    "data": [
      {
        "text": "growing season is  ",
        "userDefined": false
      },
      {
        "text": "March to May",
        "meta": "@sys.any",
        "alias": "growing_season11",
        "userDefined": true
      }
    ],
    "isTemplate": false,
    "count": 0,
    "lang": "en",
    "updated": 0
  },
  {
    "id": "0996aff0-1960-4b84-bed2-ef7df891c060",
    "data": [
      {
        "text": "growing time is  ",
        "userDefined": false
      },
      {
        "text": "120",
        "meta": "@sys.number",
        "alias": "grow_time11",
        "userDefined": true
      }
    ],
    "isTemplate": false,
    "count": 0,
    "lang": "en",
    "updated": 0
  }
]