[
  {
    "id": "b189d508-5e97-4d8f-85d9-21ca58b80c7e",
    "data": [
      {
        "text": "shirish",
        "meta": "@sys.given-name",
        "alias": "name",
        "userDefined": true
      }
    ],
    "isTemplate": false,
    "count": 0,
    "lang": "en",
    "updated": 0
  },
  {
    "id": "c9d3970b-d0d7-4780-9f06-eb31073d5844",
    "data": [
      {
        "text": "my Name is ",
        "userDefined": false
      },
      {
        "text": "Ankit",
        "meta": "@sys.given-name",
        "alias": "name",
        "userDefined": false
      }
    ],
    "isTemplate": false,
    "count": 0,
    "lang": "en",
    "updated": 0
  },
  {
    "id": "b1c6a26b-1937-4230-a6c8-8a2bb33d38d5",
    "data": [
      {
        "text": "it is ",
        "userDefined": false
      },
      {
        "text": "Ankit",
        "meta": "@sys.given-name",
        "alias": "name",
        "userDefined": true
      }
    ],
    "isTemplate": false,
    "count": 0,
    "lang": "en",
    "updated": 0
  },
  {
    "id": "4a885eb5-671f-4aec-9e7e-d02e35e26289",
    "data": [
      {
        "text": "may name is ",
        "userDefined": false
      },
      {
        "text": "shirish",
        "meta": "@sys.given-name",
        "alias": "name",
        "userDefined": false
      }
    ],
    "isTemplate": false,
    "count": 0,
    "lang": "en",
    "updated": 0
  },
  {
    "id": "cd14427f-ba39-4f86-9aa2-aeef4af63141",
    "data": [
      {
        "text": "it is ",
        "userDefined": false
      },
      {
        "text": "shirish",
        "meta": "@sys.given-name",
        "alias": "name",
        "userDefined": true
      }
    ],
    "isTemplate": false,
    "count": 0,
    "lang": "en",
    "updated": 0
  }
]