[
  {
    "id": "84e00908-a953-43d0-952d-c5888083236c",
    "data": [
      {
        "text": "file is ",
        "userDefined": false
      },
      {
        "text": "1bb25702-cb7c-4ff1-9f08-41153553fd58___JR_HL 8364",
        "meta": "@ImageName",
        "alias": "ImageName",
        "userDefined": true
      }
    ],
    "isTemplate": false,
    "count": 0,
    "lang": "en",
    "updated": 0
  },
  {
    "id": "57058533-0b3e-4724-858c-fd0c74fe9607",
    "data": [
      {
        "text": "file is ",
        "userDefined": false
      },
      {
        "text": "0e6b9e09-2bcd-41e0-b001-b80a33a8a78b___RS_Early.B 8694",
        "meta": "@ImageName",
        "alias": "ImageName",
        "userDefined": true
      }
    ],
    "isTemplate": false,
    "count": 0,
    "lang": "en",
    "updated": 0
  },
  {
    "id": "50dffc8a-7163-4f01-98ba-adab7514d033",
    "data": [
      {
        "text": "file is ",
        "userDefined": false
      },
      {
        "text": "0e0a1b51-f61c-4934-bc57-a820af1faacb___RS_Early.B 7147",
        "meta": "@ImageName",
        "alias": "ImageName",
        "userDefined": true
      }
    ],
    "isTemplate": false,
    "count": 0,
    "lang": "en",
    "updated": 0
  }
]