[
  {
    "id": "8c613d98-22c3-41e5-a9c4-98b2fb004d28",
    "data": [
      {
        "text": "what is the news about ",
        "userDefined": false
      },
      {
        "text": "@search",
        "meta": "@sys.any",
        "alias": "search",
        "userDefined": true
      }
    ],
    "isTemplate": false,
    "count": 0,
    "lang": "en",
    "updated": 0
  },
  {
    "id": "05014c8b-cf11-41cd-b4a6-8acfb772d1c9",
    "data": [
      {
        "text": "what\u0027s the news about ",
        "userDefined": false
      },
      {
        "text": "@search",
        "meta": "@sys.any",
        "alias": "search",
        "userDefined": true
      }
    ],
    "isTemplate": false,
    "count": 0,
    "lang": "en",
    "updated": 0
  },
  {
    "id": "85d0efe8-6bfa-4d48-9df0-e286a3d5d195",
    "data": [
      {
        "text": "news about @",
        "userDefined": false
      },
      {
        "text": "search",
        "meta": "@sys.any",
        "alias": "search",
        "userDefined": true
      }
    ],
    "isTemplate": false,
    "count": 0,
    "lang": "en",
    "updated": 0
  },
  {
    "id": "c762ba30-6740-4dc6-906a-f0974701c018",
    "data": [
      {
        "text": "tell me news about @",
        "userDefined": false
      },
      {
        "text": "search",
        "meta": "@sys.any",
        "alias": "search",
        "userDefined": true
      }
    ],
    "isTemplate": false,
    "count": 0,
    "lang": "en",
    "updated": 0
  }
]