[
  {
    "id": "fef3be99-1225-4c7e-a0f4-c31f57d7debf",
    "data": [
      {
        "text": "schedule",
        "meta": "@sys.ignore",
        "userDefined": true
      }
    ],
    "isTemplate": false,
    "count": 0,
    "lang": "en",
    "updated": 0
  },
  {
    "id": "6349eec1-0880-4b06-8799-e81a24715f35",
    "data": [
      {
        "text": "tell me more about plating ",
        "userDefined": false
      },
      {
        "text": "timetable",
        "meta": "@sys.ignore",
        "userDefined": true
      }
    ],
    "isTemplate": false,
    "count": 0,
    "lang": "en",
    "updated": 0
  },
  {
    "id": "e3a81381-9e35-4821-8495-2ce097867b1c",
    "data": [
      {
        "text": "give me info about ",
        "userDefined": false
      },
      {
        "text": "plating schedule",
        "meta": "@sys.ignore",
        "userDefined": true
      },
      {
        "text": " ?",
        "userDefined": false
      }
    ],
    "isTemplate": false,
    "count": 0,
    "lang": "en",
    "updated": 0
  }
]