[
  {
    "id": "91db55b1-802f-4c1d-bce8-adaa717afaca",
    "data": [
      {
        "text": "file is  ",
        "userDefined": false
      },
      {
        "text": "jpeg-home.jpg",
        "meta": "@filename",
        "alias": "filename",
        "userDefined": true
      }
    ],
    "isTemplate": false,
    "count": 0,
    "lang": "en",
    "updated": 0
  },
  {
    "id": "040db134-fd62-4ccf-9350-f2f7ada227fa",
    "data": [
      {
        "text": "file is ",
        "userDefined": false
      },
      {
        "text": "demo.jpg",
        "meta": "@filename",
        "alias": "filename",
        "userDefined": true
      }
    ],
    "isTemplate": false,
    "count": 0,
    "lang": "en",
    "updated": 0
  }
]