[
  {
    "id": "422e2f4a-ead5-4bc5-8be1-37bffbe1795a",
    "data": [
      {
        "text": "tell me something ",
        "userDefined": false
      },
      {
        "text": "about",
        "meta": "@agrobot",
        "alias": "agrobot",
        "userDefined": true
      },
      {
        "text": " you?",
        "userDefined": false
      }
    ],
    "isTemplate": false,
    "count": 0,
    "lang": "en",
    "updated": 0
  },
  {
    "id": "6a3630b5-1e24-4291-b3ec-985bcbf6704f",
    "data": [
      {
        "text": "give me some info ",
        "userDefined": false
      },
      {
        "text": "about this",
        "meta": "@sys.ignore",
        "userDefined": true
      },
      {
        "text": " ",
        "userDefined": false
      },
      {
        "text": "agrobot",
        "meta": "@agrobot",
        "alias": "agrobot",
        "userDefined": true
      },
      {
        "text": "?",
        "userDefined": false
      }
    ],
    "isTemplate": false,
    "count": 0,
    "lang": "en",
    "updated": 0
  }
]