[
  {
    "id": "808a0f87-5ee2-4292-b1e3-bba5527e442c",
    "data": [
      {
        "text": "planting schedule",
        "userDefined": false
      }
    ],
    "isTemplate": false,
    "count": 0,
    "lang": "en",
    "updated": 0
  },
  {
    "id": "ad929415-826c-4914-b5e4-d0cda2d9066f",
    "data": [
      {
        "text": "Can you help me with a planting schedule?",
        "userDefined": false
      }
    ],
    "isTemplate": false,
    "count": 0,
    "lang": "en",
    "updated": 0
  },
  {
    "id": "a3cd6349-3070-4b39-82c3-fb2bbf36adce",
    "data": [
      {
        "text": "Can you help me with a planting ",
        "userDefined": false
      },
      {
        "text": "calender",
        "meta": "@sys.ignore",
        "userDefined": false
      },
      {
        "text": "?",
        "userDefined": false
      }
    ],
    "isTemplate": false,
    "count": 0,
    "lang": "en",
    "updated": 0
  }
]