[
  {
    "data": [
      {
        "text": "What is the best ",
        "userDefined": false
      },
      {
        "text": "vegetation",
        "meta": "@vegetables",
        "alias": "vegetables",
        "userDefined": false
      },
      {
        "text": "  in  ",
        "userDefined": false
      },
      {
        "text": "Ireland",
        "meta": "@sys.geo-country",
        "alias": "geo-country",
        "userDefined": false
      },
      {
        "text": "?",
        "userDefined": false
      }
    ],
    "isTemplate": false,
    "count": 0,
    "lang": "en",
    "updated": 0
  },
  {
    "data": [
      {
        "text": "What is the best vegetation to grow in  Ireland?",
        "userDefined": false
      }
    ],
    "isTemplate": false,
    "count": 1,
    "lang": "en",
    "updated": 0
  }
]